open_nutrition_id,icon_key
fd_00FTvX3r8tKE,cornmeal
fd_00LZf08Xoph6,ham
fd_02gcnSs1cZXm,date
fd_02ruXGtQjxvK,green_bell_pepper
fd_047cqGnuxFhU,ketchup
fd_06qHK6T6urjr,pie_filling
fd_086LCX4Fayi2,onion
fd_09txvpkpHTuM,bacon
fd_0AMkGrRinXwm,hash_brown
fd_0D5CHaD4PYqA,sausage
fd_0EbFmditmmH6,bean
fd_0MdoXWwcd9nj,mandarin_orange
fd_0N7XCjKTFQwr,cracker
fd_0NrRUl5wcKNj,mustard
fd_0QPcMyTZPUwY,shrimp
fd_0RCyHTRp7SSn,bread
fd_0ShJ9qwuYMWw,sugar
fd_0TTWYlBysLZT,sausage
fd_0WopvSWYhzjL,milk
fd_0ZDKuPlvKWy8,ground_beef
fd_0ZIAjQvjEp5w,green_bean
fd_0fYiVZtYZmN7,bread
fd_0gNxFFqSddlo,beef
fd_0h9jWmdeLipI,potato
fd_0hRDUhvJq8hb,cracker
fd_0htQChtc31AC,cereal
fd_0ilthkiz5i17,cracker
fd_0kaguZmF3O25,milk
fd_0mJcGDG2eKzR,mushroom
fd_0oYXEv77w53U,cracker
fd_0uy2Jg0DOJt7,honey
fd_0xwdL4nEM7aF,orange
fd_11dLWUGRVXt5,cracker
fd_17wCpl39dgVE,pudding
fd_18U25pvfbDJU,peanut_butter
fd_18UZlRj2KOAR,dill_weed
fd_1Fwy61wXjfrR,curry_powder
fd_1K4q7UKTuxhh,noodle
fd_1Kg6alz1jmjH,spinach
fd_1Ou2RfjZi6aX,granola
fd_1UqyS0llUvJW,soy_sauce
fd_1Z4JY7cRs9Bg,soda_drink
fd_1Zr72Lun8xsL,processed_cheese
fd_1rOsIOLHQwlC,cauliflower
fd_1y7TtELqPDz3,chocolate
fd_1zN41TnqxMW5,white_wine
fd_1zXIpvtPorYw,chocolate_chip
fd_21F9VQM4IXn5,chocolate_chip
fd_22oUIEBLsbbB,pie_filling
fd_24fQTCwokt8X,cod
fd_2GBCJd57GMLh,lemon
fd_2NGGsBFXd6A0,mandarin_orange
fd_2R6HBBGjSISt,spinach
fd_2dObzdqa6o2J,chicken_breast
fd_2fmp1mUUywrh,onion
fd_2fxDeqM0A8Cf,oat
fd_2mw71BXil7GD,flour
fd_2ny0HQgPVu6T,sausage
fd_2q32OAL2fY95,mandarin_orange
fd_2rKFmh6hZYjQ,pineapple
fd_2tYErgVPvWuY,crab_meat
fd_2xVQJ14Xckwc,beef
fd_2zBN72jUkyJY,sour_cream
fd_37drUKz7yory,oat
fd_38w37dNvk8IS,salad_dressing
fd_39RC6fy1zCkJ,parmesan_cheese
fd_39vVu5kP0hwI,curry_powder
fd_39xtF5ow9rFq,oat
fd_3C8IBrawONJv,cornmeal
fd_3E5jVXRRbEOU,brown_sugar
fd_3GtUgBW5L3xx,sausage
fd_3RxPihK6XlQ2,pineapple
fd_3T06FdjvjXe5,cake_mix
fd_3X4K3gg7PjRB,orange
fd_3YI0t2IPPqx4,shrimp
fd_3aHctPNX2PvW,worcestershire_sauce
fd_3bAE8Gix6hgN,flour
fd_3hp8Lq8K9SI3,carrot
fd_3sZJGM998fD8,oat
fd_3y4V5CBw8xLi,chia_seeds
fd_43vN8R5g8PpB,whipped_cream
fd_4B5krdgSvZXg,banana
fd_4GLE8NJrsM12,soy_sauce
fd_4IHoC0M3TP9H,sausage
fd_4KzXfE6m5pqV,nuts
fd_4SGXiqRZfKeH,rice
fd_4TJOZawq9DSL,milk
fd_4VKBH5UlnrgU,cornmeal
fd_4Z4b20cbvmSp,soy_sauce
fd_4bGW0msQhtON,bean
fd_4bvXpgdKkqIH,shrimp
fd_4eUjpYJJzbAF,coconut_milk
fd_4f7XhUD66XKz,extract
fd_4gztIqu9m7kL,apple
fd_4s7MZurdCtcq,flour
fd_4yLd0mg3ppKl,cumin
fd_516j84JHYtl7,shrimp
fd_52sjQRrleELk,margarine
fd_57Ne2bwpolgJ,chicken
fd_5AotRJ9sRqP2,onion
fd_5ExPYaRMCP34,cake_mix
fd_5HqwGwFWWjnD,milk
fd_5NfDlACJ8kAL,milk
fd_5OOmQy2ECFYE,noodle
fd_5QnewJnvqPmm,canned_milk
fd_5UqgJ8nYKFJs,cereal
fd_5YlBB5G1oJkE,whipped_cream
fd_5bvV6ABuwVqh,maple_syrup
fd_5fHTKIli2o4A,beef
fd_5ik5kqUGUZSX,tomato
fd_5pEdV418arXc,flour
fd_5vIhS9tAuw71,tortilla_chip
fd_63586cfCF5ad,mushroom
fd_68s2VMyKFMO7,cauliflower
fd_6CHHWJOfcpcP,cauliflower
fd_6CrrUbdiHKdZ,beef
fd_6E05F3zsPOnz,swiss_cheese
fd_6GIAtVfCKAkn,sausage
fd_6GxxRNmE88SR,beef
fd_6Hsb4yuaEvHd,ketchup
fd_6Kq3YRJyLKEP,lettuce
fd_6UQjwA5yrOAK,macaroni
fd_6W87QkLLt7Mc,sausage
fd_6WmT73xRkMnV,oat
fd_6cbcSoox5Oud,milk
fd_6eSNjk9m2lmT,bread
fd_6krp6rR1UwVn,herring
fd_6kxQCpyAYw0i,parmesan_cheese
fd_6oeL42qPg6vb,salsa
fd_6wUv3Y7XQWiB,orange
fd_6yoHZmH0GGDU,beef
fd_712Lvc7QU5PL,noodle
fd_74HQmisUa7sW,bread
fd_77FMrBWczdoH,beef
fd_79iD3qrDvRtR,kefir
fd_7AZ4mJcaRqKr,macaroni
fd_7CXTqcWndLKl,bread
fd_7ETWW3T2ZXpT,banana
fd_7H8T2xsDdG1c,flour
fd_7HCoTjivpoXi,cabbage
fd_7L50UxHIvWDo,olive_oil
fd_7MZGo8y6CTyg,oat
fd_7O08ynu7uZmn,flour
fd_7PK6hynjTIvY,baking_mix
fd_7Vmsvw0CN4Y0,raisin
fd_7XvH39V8AuQH,rice
fd_7aF5AZ0ith22,water
fd_7g0mBVeTB3rS,swiss_cheese
fd_7krNieNkIdvb,basil
fd_7lUNW80S2TCr,peanut_butter
fd_7lvvCfRDq3bA,cracker
fd_7mdWJ00mnsrS,olive_oil
fd_7nRE6AEQnNWT,dark_liquor
fd_7nnvSRTkMqIj,graham_cracker
fd_7sDk8WUgVtIS,pea
fd_7sY2EKuCEtyq,smoked_salmon
fd_7tMjANzQx58u,couscous
fd_7umQTrOWptgi,apple
fd_7yS7ZOYUmghS,beef
fd_7yYbAmB1sYvp,bean
fd_7zH92NdzWa3a,garlic
fd_86GZdeoQkHlD,whipped_cream
fd_87UafVMUJgFM,salad_dressing
fd_8DpUd7y5nFUS,sugar
fd_8F8p6kP7nrUz,crab_meat
fd_8JmTtM1az7mu,ham
fd_8LCmKFcQpy2l,dried_herbs
fd_8P5faGPYoPZ1,noodle
fd_8UA4bFzqMFCH,pea
fd_8WhTkfnrofC7,salt
fd_8YImbaqold3A,potato
fd_8ZL7WSeXtpCK,carrot
fd_8gwe5kd0MQgE,brown_sugar
fd_8k8HGY4PABdO,mushroom
fd_8razKBSIGCRF,rice
fd_8uT1HVRYxwn7,milk
fd_8uy8PKaJEbTj,cereal
fd_99q732hEFaWy,pea
fd_9NN0PZfeWKBz,milk
fd_9RfU0cWtViNI,salsa
fd_9YTGLpx5qJwp,spinach
fd_9ZRb1cM6hmCs,salt
fd_9Ztp9baoW3vk,pumpkin_seeds
fd_9aX3jkxd5hi7,water
fd_9aggas4xWWGT,cracker
fd_9gjoZlniU40m,bread
fd_9iM6yWq1aiIn,cake_mix
fd_9l00fTZvJ5qg,whipped_cream
fd_9t8AVQ3bFWSV,bean
fd_9vtAb9r420eM,cinnamon
fd_9wpfVnGiDuoU,cracker
fd_9zNw2h7BZMKK,oat
fd_9zzKkjTcl7gS,peanut_butter
fd_A1B4gXXi5qPi,peanut_butter
fd_A28p2nkS1IIK,egg
fd_A2VFlMD9c0Vc,yeast
fd_AAXv4EgQIF1L,cottage_cheese
fd_ADb38FDFuXkY,red_bell_pepper
fd_AFUZRqHFji53,kefir
fd_AFbRVd2aBOpj,mayonnaise
fd_ALr1D8S7ldhA,granola
fd_ANKsy8gaTeoN,pecan
fd_AOAzvYqfy8rc,parmesan_cheese
fd_AOD5J1Ay27hf,egg_white
fd_AhhALJlO5lMt,molass
fd_AjPFNPBXSvEE,apple
fd_AjQa9nlOUTns,banana
fd_Ao9mog5qBMlo,pie_filling
fd_AuzGHfJ1iCW5,apple
fd_B1lcz6y8pVhA,kiwi
fd_B6ccqmJ1yAQn,crab_meat
fd_BABBxWrGmyzh,cottage_cheese
fd_BH4KIpYSfMNg,seasoning_jar
fd_BIljzn9rNyjB,milk
fd_BL1S2RJabaAv,sausage
fd_BMCqPIVbJsSW,crab_meat
fd_BTXsvp2byUVF,pork
fd_BWWSuhhNzZbW,nutmeg
fd_BZBz85JClIL2,bread
fd_Bb2ZumGeLUNg,flour
fd_BmCHZwMuACCp,cornmeal
fd_BvTqD53WmGCU,swiss_cheese
fd_BxPKDoA6QzNC,mandarin_orange
fd_C3jDptAo0vTc,bread
fd_C8ckVIdFoXuw,pea
fd_CCOxgwHdegsk,pea
fd_CFnCIiasc20m,flour
fd_CK7C1k2CcPIT,honey
fd_CN3Hh8osZ6ep,chocolate
fd_COP7tAMp7Qfm,flour
fd_CQdMkYO48kXR,tortilla_chip
fd_CRtMczpvltF8,garlic_powder
fd_CUHB2r3TNud2,salad_dressing
fd_CVClrK6CSfE2,cucumber
fd_CVpdQJ9v36M1,hummus
fd_CbTUw4TBKhjy,green_onion
fd_CdZYNP0M2yFy,bread
fd_CgEwQ6XLdphD,beef
fd_CiXEPUl7tqP8,potato
fd_Cig7pRNW8Rhv,cream_cheese
fd_CjUQG8UiGqVV,salad_dressing
fd_CjW2lC2oznVL,bacon
fd_Cn7qhdTVAuB0,cottage_cheese
fd_CtBgaao5iI0K,chicken
fd_CvSpWG7eXqas,corn
fd_CwkwssHgknA8,sausage
fd_D4CNdM8vIvL7,carrot
fd_D6BBKmVKHNMO,beef
fd_D7bSAwmVaKDv,soy_sauce
fd_D7us0PAjcdHb,canned_soup
fd_DA7fas8Liaxv,cracker
fd_DIbjx3PquKWh,bread
fd_DKSlNeHrZA0j,cracker
fd_DN2MA7qQY92A,potato
fd_DNE2cnQ10Bvm,kefir
fd_DS9xtLpDoaut,tomato
fd_DVxND7iXjI4S,coconut_milk
fd_DZbcUV2UQ1HV,date
fd_DalFCnWgleTO,ground_beef
fd_DmCr376TzGt6,cereal
fd_DmETj66McxM8,peach
fd_Dq9TAFQAjmNd,cereal
fd_DqJeqd4W61u2,lemon
fd_Dr6BIlLGw8a7,zucchini
fd_DsMTvcMLzJUX,egg
fd_DtvU66FWu0mU,cereal
fd_DzqC6JSBIMjo,noodle
fd_E8CdRROKwNeN,nuts
fd_EGSoQnUYe6I2,ginger
fd_EGYHmkfGFa4j,coconut
fd_EH0NNpY3c0pO,crescent_roll
fd_EHlqN0jJ7ZQn,potato
fd_EKTKrfDTzAy0,noodle
fd_EKuhIjlhLDWc,noodle
fd_ENIGYKqq4h0G,arugula
fd_EPtsP8B0QvOs,peach
fd_ERSkG4rlE9Vj,cracker
fd_Eb64ycfw22ZL,sausage
fd_EbqVdoKUKhgL,broccoli
fd_Ed9iQHmyNqSZ,oat
fd_EdvwOJ9hl8a0,onion
fd_Edweyw5dyaQn,peanut_butter
fd_Eh2sbSs58yIY,extract
fd_Eiy4nsOsQzGh,buttermilk
fd_ElcNqATyClb4,oat_milk
fd_EoDyiaGWKpPu,sweet_potato
fd_EphNGQBGqQMN,noodle
fd_Es3dopAeYYYG,bulgur
fd_EusRgGopPO6Q,cereal
fd_ExWPuY38gfFA,bread
fd_F2MYJuH8UsE9,egg
fd_F6R9I7eaJNwP,pie_crust
fd_F7q6OcoOIxMr,flour
fd_F9JC2cxE3N8j,pea
fd_FD76OpJC7tju,arugula
fd_FGrb7sMHC1bi,milk
fd_FJe1kbnsTYlw,vinegar
fd_FNoK7jUCfDfT,lettuce
fd_FQjAuxo7aQNt,macaroni
fd_FXO9a84E9IFq,tomato
fd_FYSnB1LMtBe3,pumpkin
fd_FcTyTO3xsbsp,egg_white
fd_FeS4oe9WBPMI,carrot
fd_FgNhsZezzjgW,mushroom
fd_FhpqmsTeILC9,sausage
fd_FlKUL3gUAHLE,bread
fd_FpNdPeyTS1jN,parsley
fd_FtMPKNfi3Zs6,beef
fd_FuTWGdvOI7QO,worcestershire_sauce
fd_Fz3h8713rCN9,parmesan_cheese
fd_FzijgEkF6VoZ,cabbage
fd_G5f1okuQcGQf,graham_cracker
fd_G8WCms2ccDoX,zucchini
fd_GDACGo8oeW36,honey
fd_GEDQll9T6yVs,sausage
fd_GGIJtX3nqko6,milk
fd_GNzCRkVXiWe7,onion
fd_GNzRPmv5L6wx,bacon
fd_GYbL6E3voDav,cereal
fd_GjwYXuR4PM8Q,parsley
fd_GkVYxy5x6JPv,sweet_potato
fd_Gm6IzPRFLTCt,sweet_potato
fd_GrNGfeI0bjx7,granola
fd_GsCTwE6gwIBy,bread
fd_GwdLdgeDxSO8,corn_syrup
fd_H2T4reyFU2ic,crab_meat
fd_H4WXpjOUILQG,graham_cracker
fd_H5RDUcXagFo7,bean
fd_H8Vqg5IyBe4M,kale
fd_HFI8SAdi0fNY,herring
fd_HIAkGbEH9gFG,crab_meat
fd_HItPRRQ1xeBz,cereal
fd_HXjCcu4XCogX,milk
fd_HXk9ubjx0sk9,flavored_gelatin
fd_HYOH4Fcrt4f0,sugar
fd_Hbx3Tf45l1Vt,bean
fd_Hj1m0AzHcv7r,pork
fd_HpQTIi4cnit8,oat
fd_HyakRSeoSbBG,sour_cream
fd_HzHS8SHpdZ8S,pudding
fd_I2JkQKq8W1K6,beef
fd_I4CHzsj6kRQ6,macaroni
fd_I5XAM65rHQ5l,canned_soup
fd_I6f8GTJTQYG0,cornmeal
fd_I7o7khciNjEl,ground_beef
fd_ICFmoigQGyd9,buckwheat
fd_ICxZOjEsIjik,noodle
fd_IJ3VUZVzx1it,extract
fd_IMb7byrxykli,rice
fd_IOYr6dIQUWvj,cracker
fd_IOpSPCuscfJ6,baking_soda
fd_IQ7NStxmFzm3,egg
fd_IWr1FWAiJbUV,cracker
fd_IafchPIzFvwi,bean
fd_Ib87oHFuFzE1,bean
fd_IcdsgheY64p0,cereal
fd_IiJzTu3uFu48,soy_sauce
fd_IjyyVcNV3y0y,cinnamon
fd_Iuak2tGy3s7q,beef
fd_Iz3BxDZovxXk,egg
fd_J0PbNnVbjm2h,rice
fd_J5MYf19JBc10,onion
fd_J9qsA7C69ifZ,bean
fd_JBKQokphiBdw,flour
fd_JGc8dqR2exjZ,dried_herbs
fd_JJZ5Q9JdYpKv,cereal
fd_JKzFFQw5VbFi,bread
fd_JL1Dlkjqjh7H,bay_leaf
fd_JOEKyCo4IDW7,cake_mix
fd_JOX7a1Bw38TD,beef
fd_JPJfxmbadvKw,egg
fd_JQ2mn3fg4Kbk,cucumber
fd_JVqcWcOaHfnq,cracker
fd_JY5uVvA4wH7Z,bulgur
fd_Jg0RYFiBMtPC,rice_noodles
fd_JhDz5Nk6X5ag,flour
fd_JjDtIoOwyHg9,hummus
fd_JkIUrBokMP3f,mozzarella_cheese
fd_Jpe4eACZQC2T,walnut
fd_Jpmh9o3kzqkZ,vegetable_oil
fd_JrEno1FoqBEI,ground_beef
fd_Jsvyvp2aOYOK,pie_crust
fd_JttbvGHnC3Pa,pie_filling
fd_JuVbI6vimkQt,red_bell_pepper
fd_K36LELMxUX8F,crab_meat
fd_K40e0lkoypNk,pie_crust
fd_K41PheeKZTtI,cracker
fd_K87LkydBwF2m,crab_meat
fd_KC9vbMZEHE8f,peach
fd_KHE6E7i1W7pM,corn_syrup
fd_KK1U3h5ZtCrW,bread
fd_KNDlzntEq4D3,peanut_butter
fd_KTuFrhhbqzZv,cereal
fd_KVUUs0kluEHe,rice
fd_KakrImZ3UfeQ,basil
fd_KargH5njtjgV,noodle
fd_KdY8T7OPh5cp,kefir
fd_KlMP7t8qbCsN,shrimp
fd_Ko9XKxlBNmqk,chocolate
fd_KplwADj3ttwM,cayenne_pepper
fd_Kstisqi9ppxR,cracker
fd_Ky4aLe7Ubvib,cracker
fd_L1zaNPTdZeMF,beef
fd_L2SO0tRURSdV,kale
fd_L2jN5eT1xcfq,kohlrabi
fd_L77Yhfs3uMHv,salsa
fd_LBGopadBK14v,onion
fd_LBmzrU2goK5C,milk
fd_LLz0S87bChu7,milk
fd_LRMreqrvqXMa,pineapple
fd_LSJguzTGNfkx,cereal
fd_LTfPTHacTt2T,sausage
fd_LUFbdGFio2nm,heavy_cream
fd_LVbfutplLhDV,oat
fd_LalOI7Ust9jY,sweet_potato
fd_LdohMIJf1rih,bacon
fd_LjNNHYKHilyi,bread
fd_LoipdhQrgTaW,yeast
fd_LsfUIcf5ur0D,olive
fd_LtCHQgAsCfro,pudding
fd_LuCqt12nhLg1,nuts
fd_LuGPRtMBqrIl,milk
fd_Luf7IHVeelf4,potato
fd_LxEwSvBgN1pv,orange
fd_LzdTTbE6x6Cp,baking_powder
fd_M1CRKlMDFlAh,bread
fd_M5blv17qnjxO,flaxseed
fd_M7hXmaQI7znQ,cracker
fd_M8SlGW1YjS0d,crab_meat
fd_MBsp2b9GoPy3,green_bean
fd_MCYvlYDwsqgp,cracker
fd_MDNVXqFqmiV8,granola
fd_MDbg7xccpqHG,chocolate_chip
fd_MFmrpKGpHnK6,chocolate_chip
fd_MJM2sOkBTOdx,apple
fd_MNlb1sQQTPQe,cinnamon
fd_MPX9zlHNW8by,pudding
fd_MXiUxIwgTi55,ground_beef
fd_Mbm50E3C198v,bread
fd_Md0g2BE2IP26,almond
fd_MdKY0aA5WyxL,kefir
fd_Mgi2qM9d9rWc,crab_meat
fd_MhABWRVHJKCQ,macaroni
fd_MjJG08PjdrZs,oat
fd_MkggGODsvTb6,milk
fd_MlIGnk2YJnp3,macaroni
fd_MoQiqzGpeFvy,ketchup
fd_Mq4KdO6BH3dP,oat
fd_MrAKJJ9NNQd3,oat
fd_MshlVGzOTeqG,sausage
fd_MsjthrYesg6C,ketchup
fd_N3HqJjiCmZ1Q,black_pepper
fd_N99h8EYt14i0,tomato_sauce
fd_N9Jxrwv7yOP0,spinach
fd_NAq9yEdM6WjC,cottage_cheese
fd_NB7eSfJBNAGK,ground_beef
fd_NCSaHkii16BI,milk
fd_NGkYe80rT4Tq,pumpkin
fd_NKOatOP9kn7a,bean
fd_NN87A69f3cRK,semolina
fd_NQ08qdJLuMsO,mushroom
fd_NS6QATxTw4nS,mushroom
fd_NVUA81jCy59f,peach
fd_NZZClV5ilxdr,flour
fd_NcemCCvrZCGP,bean
fd_NicyR1t2mrDa,shortening
fd_Nj1CUiIxWTPX,parsley
fd_NoCEw0J6ngxc,canned_milk
fd_NoIeQQVIQzgs,cracker
fd_NobdA9mCIyhH,granola
fd_NqeJFgkRidhe,extract
fd_Nry8wIEBP4g7,mozzarella_cheese
fd_O6hcR82OJHB7,parsley
fd_O6uopko2xX6a,pea
fd_O6zy04l9OuEF,olive
fd_OAsSvWrTVQna,plum
fd_ODOMbCvpmfX6,almond
fd_OJXFjSCTtkgq,sausage
fd_OOrvy6p3cR9d,oat
fd_OQaI5k0iu7xu,buttermilk
fd_ORK7GIzP6F4p,cracker
fd_ORN0OnjR476c,salt
fd_OSlVHloaafsh,sausage
fd_OTRgVnHzUWu6,bread
fd_OUvIHFVvsg06,mushroom
fd_OWm3Y1QRWo1b,cracker
fd_OXuV0WdSTZL9,bean
fd_OZAjsGQhFSHl,marshmallow
fd_OaiEUmfG0WWp,cream_cheese
fd_Ob8TSWPh3RUc,peanut
fd_ObK1KyyerCJm,corn
fd_OdJzfQ1kQFMX,sausage
fd_OgVDsPnL37cD,marshmallow
fd_OkEo5QCw3W5T,cream_cheese
fd_OsmDrGLRYB93,noodle
fd_Ov1HTx0XsrLD,rice
fd_OvnmCCqNs2OH,cornmeal
fd_OwyLLvhLDghV,milk
fd_OxHxjXi2KpWf,pie_filling
fd_OzxEVAgNanw7,bread
fd_P07InWdNoEOV,tahini
fd_PDUXm4pwqrKK,peach
fd_PE1vdVetkBvY,flour
fd_PF0n7Mj2zW4p,milk
fd_PHOJ4ATxUsIh,beef
fd_PItDhx48m882,granola
fd_PJId92KAxiLv,dark_liquor
fd_PQj1eXU2ckov,noodle
fd_PRWhjLkZJ7Px,plum
fd_PRXdbhwifO5T,cracker
fd_PVIIgUQ6G8L3,bread
fd_PbgDRabnPF7w,noodle
fd_PddTiPo37MgA,rice
fd_Ph58fdlwZLz2,peanut_butter
fd_Pi3zlg1aWtdO,milk
fd_Pl0XhyvruA6m,mayonnaise
fd_PlaSp254T1Jh,apple
fd_Pm3oWA0Gemky,oat
fd_PmdZBf3BddBE,rice
fd_Pp4MHv1SiztX,basil
fd_Psl2waj8056H,ketchup
fd_PtHu2E9T22W8,potato
fd_PupnzK2J95bo,cracker
fd_PwP8uK3LMKfd,olive_oil
fd_Pyz9nqDMJK9f,cabbage
fd_Q6dMWslBn8xZ,flour
fd_QIu9gSjq1UVf,plum
fd_QOciElyJQQXh,flour
fd_QXB5HblpJb8t,seasoning_jar
fd_QXu2sBXxq5In,macaroni
fd_QbL5ZUiPeR7g,apple
fd_QebFvvdOQxXO,flour
fd_QghMFqnKcpjF,salad_dressing
fd_QgyZoIRreF1u,flour
fd_Qm96Q7y0E06E,granola
fd_QmwecWRObV1H,margarine
fd_Qo1dhoUcGzFr,bread
fd_R3MNQMRGFv3U,mayonnaise
fd_R6MzTtsv8bST,macaroni
fd_R9XWwfTSsX4o,broccoli
fd_RBzUkxHlXEZR,cereal
fd_RFXVPDICscJg,kefir
fd_RFigpEiV8bT3,beef
fd_RGZhLLwQ2K4r,sugar
fd_RLAunRZwyNNA,date
fd_RLjoVqgk9CT0,cracker
fd_RLpM68AIYnCC,kidney_bean
fd_RMqYbGs1TmAt,bread
fd_ROepE24lxvWu,chocolate
fd_RUCKgITQWcmA,macaroni
fd_RXxv0jBpHSB1,noodle
fd_RadxlxP86PIF,flaxseed
fd_RamQzpLo2mue,flour
fd_RbPPlismRUst,canned_soup
fd_RbWI1i2EVabN,milk
fd_RkiB2yc3gZgY,tomato
fd_RpVjctM4gcLS,extract
fd_Rq8wh4QJEnzR,crab_meat
fd_RwDcMCj57c4U,yeast
fd_Rwyox5z8qZU5,shrimp
fd_S2BbGfbOYbOw,egg
fd_SBfIl3GN3KTr,margarine
fd_SBjoXKmH3xV7,bread
fd_SGoXau2SoyX8,salad_dressing
fd_SKU9AdRfK1V4,salsa
fd_SLyfMX35pmK7,pumpkin
fd_SY7kjiwbN0XL,black_olive
fd_SYCDyQDc9OdP,macaroni
fd_ScotusF79jyh,chicken
fd_SosvelgTGcwb,potato
fd_StPV7ysMOgXh,gouda
fd_SupPdGsaep1t,bean
fd_SwT9gxaFPFYF,noodle
fd_SxXM4LZxuSut,bread
fd_SydGUTb8dy3I,dried_herbs
fd_TMghw0C1mCSW,mozzarella_cheese
fd_TNlvQeMmBxqb,cocoa_powder
fd_TPJHRTQwwEU6,granola
fd_TSnZSjV8LrRw,bean
fd_Tfx13SwonNxe,bean
fd_TkYVNwKs6Q6h,tofu
fd_TnT0kuVjhWXJ,broth
fd_Tpc5ZPmJc6WV,green_bean
fd_TtFztIuWizEF,almond
fd_TzJQ20sO2EGg,cereal
fd_TzuWSxqXHwnR,sweet_potato
fd_U5CTwgppinSS,worcestershire_sauce
fd_UAXujhYtfjbB,milk
fd_UChzggLsCoNO,soy_sauce
fd_UFSUR4bkNK6C,onion
fd_ULkcc2tV2kKK,cracker
fd_UMtEi7VJhK4v,crab_meat
fd_UO7rIeQjykUe,banana
fd_UPzSH7Y63Boi,tortilla_chip
fd_USvi77Ou1Y4Y,bean
fd_UTEJiDe7ZHVQ,mushroom
fd_UTMh0R0pQSTX,milk
fd_UVammnx7fFOC,milk
fd_UX4rnuF9oCpO,bacon
fd_Uaz8HXolxPAP,plum
fd_UegRiYasWMrY,cottage_cheese
fd_UfiKspcJs2ln,pea
fd_UjDz8VrFeJL7,kefir
fd_UpfM06GN7U2c,graham_cracker
fd_Ut1JMeiJKs2b,bread
fd_UuDZjdYHGqOs,cottage_cheese
fd_Uw27LgVvCs99,potato
fd_V0Y7kdQxqYmh,cereal
fd_V1AxX99JbsKO,cracker
fd_V1cvqRCZCe5c,beef
fd_V2ykOLWKJfZE,rice
fd_V6DyuWtHvMIS,ketchup
fd_V8rnWR2JW6D9,chicken
fd_V9a61GvbKUyc,baking_powder
fd_VEK7ZMUjwL3L,potato
fd_VHbSipIMNVhH,flour
fd_VKKUtTY1Zjxw,smoked_mackerel
fd_VP9N6SKk8pu4,sausage
fd_VQ6KnHIXv04L,cracker
fd_VSKVIrpBUxFg,noodle
fd_VVAHAMj8twT8,parsley
fd_VXgL9khjmEYg,granola
fd_VYg6l81As0AV,bean
fd_Vb0XP7P6y0TK,bread
fd_VbZhLJcSgVtn,kiwi
fd_VdQhuhs3ignd,crab_meat
fd_VedK89B2WwRk,tomato_paste
fd_Vh8OduV2GbJb,rice
fd_Vi4QuuIzB6x4,sausage
fd_VoAECiJlRO4t,rice
fd_VqobBhpGXMlj,cracker
fd_Vx7PKffSZO22,pumpkin_seeds
fd_W0UqVn4qswSX,raisin
fd_W3lT6YCxl690,chicken_breast
fd_W4PqfgnMEcFP,nuts
fd_W7NyFKjdVqM5,flour
fd_W8QKmekekrbc,cracker
fd_W8gWBAQf6LJU,orange
fd_W9jazIYSZCDj,potato
fd_WDBriEXLCdRV,cake_mix
fd_WED4OzL9CqM2,honey
fd_WHRxyi9l5bhw,cracker
fd_WRzUXk6x1PlT,cinnamon
fd_WUK1JAI8hsCE,tomato
fd_WUjAnyrk79r1,bean
fd_WciuSwfxhkNP,milk
fd_WhsWogZogngs,cod
fd_WkmIX9ALD3zo,pineapple
fd_WqI3RNc909So,apple
fd_Wr6WFOuW0MHe,soy_sauce
fd_WsDpRbZdzjYx,cream_tartar
fd_WtD8DZGiW47a,canned_soup
fd_WtLZZgZ3mEmh,sausage
fd_WygLaSUwpCHS,macaroni
fd_WyigNBrvIz6H,spinach
fd_X0JsJW4fw7bj,maple_syrup
fd_X1jfjIc5pCHF,clove
fd_X4Spyy25grxl,sugar
fd_X6kvqDu1SV98,soy_sauce
fd_X7j5D4dfvSPY,noodle
fd_X8TTkgW5N5zJ,dark_liquor
fd_XBH07juyR0LS,marshmallow
fd_XE5KS3xGW4ne,buttermilk
fd_XHrN2ehC0oMM,bay_leaf
fd_XKV7eTsx88pD,milk
fd_XSd7Te973XKX,rice
fd_XZVivo0EQUq4,bread
fd_XhTLLatJXsV0,dark_liquor
fd_XiXgZdFf11OM,maple_syrup
fd_Xl4gnhZu6xfn,carrot
fd_XpISX2dGh6u3,cornstarch
fd_XuFHizD9PubD,cracker
fd_XwjLybfAIH0l,spinach
fd_Y5RNejF49xpg,chicken
fd_YHGnjb7E9yeu,bread
fd_YHxrHWgDU9CQ,cereal
fd_YJ3ORWJG16jC,mozzarella_cheese
fd_YPuQR1YRfJSU,mushroom
fd_YYsdyaCGkZAU,ketchup
fd_YZop7ivh4zP4,mushroom
fd_Ybf123deZ7ZM,honey
fd_YfYlKHYI0jae,crab_meat
fd_YjChOQoj2fzL,cheddar_cheese
fd_Z3r8QY3WZy3L,garlic
fd_ZA8f82yY2BjU,bacon
fd_ZCZwkoU1AiGu,almond
fd_ZFHaNfmEfFGC,mushroom
fd_ZFsMDb25pdX1,nuts
fd_ZLDA8SdKhs6Q,rice
fd_ZSg6trSJHdAt,sweet_potato
fd_ZYnAFETE1Sum,mozzarella_cheese
fd_ZYyoL1rKgvQ8,egg
fd_Zcmm7KHokGza,vinegar
fd_Zk3XIPXaBjPZ,herring
fd_ZmZdDiYOSFRm,oregano
fd_Zsg5OeELzqlL,mustard
fd_ZzFALS4DNE94,macaroni
fd_ZziVoVRYXdp9,oat
fd_a35vMsW69Qql,egg
fd_a3spWtfCvunL,dark_liquor
fd_a4vH0d8vJB8C,milk
fd_a6tmMQmQGNjt,sausage
fd_a73UnOYdUMPn,cracker
fd_aAFo8Z6LTdlF,mustard
fd_aBqWlVk6veXq,mayonnaise
fd_aF3AMpq0sfvs,soda_drink
fd_aGd66BTJTlU4,tomato
fd_aH6rOEXfSWQB,butter
fd_aLb3kEdBDapb,potato
fd_aLeqBOOjmFj2,green_onion
fd_aN3jnQFSSKZd,pumpkin_seeds
fd_aNXH0KNDAy7c,garlic
fd_aORlRs8NpzkL,cake_mix
fd_aUStYhqXbRBz,pomegranate
fd_aeLea807znjd,bread
fd_ahQXpHpej00L,onion
fd_ajJ2Cn1nWs6S,tomato
fd_art7TJokNqrr,cauliflower
fd_atOFmXrLzzgs,rice
fd_auEwOioXk4il,cod
fd_auZZlrhj8ofe,chicken
fd_aur9IZ9fFAc8,cracker
fd_ayVYuseBVy84,broccoli
fd_b4Rk1gV8mM7y,chocolate
fd_b6WNCzuNUag9,pie_filling
fd_bBC6XA2IKFhT,bread
fd_bKrCZLyxiQo0,canned_milk
fd_bObnQZWez2zu,cod
fd_bUV1JvW1FMaZ,peanut
fd_bX7bhzMKyFXx,cracker
fd_bZDvAlOkCors,bread
fd_bgJM6c7FryeN,pudding
fd_bh2qmDUNLzj8,sausage
fd_bivl2jNqqZ7I,cucumber
fd_bjqiacRGdJIX,noodle
fd_bmZUW61Zc3hY,soy_sauce
fd_bnpYHtp51v4A,couscous
fd_bqHrMJM8nygH,bean
fd_bqw0OX6wk0dr,sausage
fd_bztQ8xnPlnsR,ham
fd_c4vrVVfSaNc1,seasoning_jar
fd_c5pjBhmTid1Y,rice
fd_cCsJl85awur1,water
fd_cEeCzqAPzGVS,ground_beef
fd_cJlCB2Sa8wIV,corn
fd_cOAZ5iLzvdmR,spinach
fd_cOrcwi0co3ba,chicken_thighs
fd_cSENitg40jMb,couscous
fd_cV7ps7GTUALI,bread
fd_cWNkmqrgr4LJ,canned_milk
fd_cXlqGXR3gtqV,egg_yolk
fd_cb7v6H0ZWXek,salad_dressing
fd_ce9YMg6d4Wp7,oat
fd_ci8Vu67tV4pz,bread
fd_cimfw5Puvy6G,milk
fd_cjAd53L6BEGi,herring
fd_cjO6q0XOEQz0,onion
fd_clDQqIg6Cceu,honey
fd_cmPR8ST09QU2,chia_seeds
fd_cn32G3eKz00i,mustard
fd_cv9wCHN99CrH,sausage
fd_d5cpg3dIglmq,chicken_breast
fd_d6IAIKGzZO32,salad_dressing
fd_d9rtfHCzRdBm,sugar
fd_dAYWKXpZLdfY,crab_meat
fd_dDbYOCYIvCSF,salad_dressing
fd_dFiKHLbMPSHh,beef
fd_dNXjutvZlEV5,extract
fd_dNZsgqnOSl35,marshmallow
fd_dPnbePHa7zqE,sausage
fd_dSNbFimb8ZmE,tortilla_chip
fd_dUZNpcqFjYu2,couscous
fd_dVHkF2GHm37L,strawberry
fd_dXDOG6iKuD4i,peanut_butter
fd_dZAHJbUA7qRc,cornmeal
fd_dZQ2KM3sVC4M,cracker
fd_dmPogSotiv9F,bread
fd_dmz2jPcDNAhg,ginger
fd_dqFUOOYf0B3a,vanilla
fd_dtdILBwvH88V,mayonnaise
fd_dwnKRIG3ONze,tortilla_chip
fd_e024r4k5FIjx,red_onion
fd_e1AeGq5ccEUu,orange_juice
fd_e2fzRyAE0Zbd,mandarin_orange
fd_e37whhmxHAP2,salad_dressing
fd_e4U69vbZGWNV,milk
fd_e6Tgz1EkkvO9,pecan
fd_eBBaYSxagEyc,cake_mix
fd_eBzk3MLFXjBX,honey
fd_eI0STsrrM28Q,rice
fd_eJJldkE9cjKX,flour
fd_eRVf3VCVQxXK,smoked_mackerel
fd_eS2Erb7Jd8IJ,flour
fd_eUzLZuEFJzBv,cereal
fd_eXzwKgfWHKai,flour
fd_eZBD2FAU9gMI,cracker
fd_eacVc4POUbyV,cracker
fd_efP4pns0mGc8,salad_dressing
fd_eiCtTtRuuqVO,canned_milk
fd_ejDlYmf8NW26,granola
fd_ewmgYlMdYeUj,honey
fd_f6yIvo03VIoK,strawberry
fd_f9TZGtrpticN,potato
fd_fBteeH06j21H,potato_starch
fd_fEVv1AB1tDmq,extract
fd_fElygaRkKSy5,parmesan_cheese
fd_fN7LH0LqLT2T,curry_powder
fd_fNVKq6eypN4K,pork
fd_fP6YlMq204QX,soy_sauce
fd_fR9OkrddSfa8,walnut
fd_fRPUZmHequHr,bacon
fd_fS0aAxI1bGhp,tortilla_chip
fd_fUIME9YyO4aY,flour
fd_fUNfq98SJCOZ,plum
fd_fVKxzY0cp82P,sausage
fd_fa1X0Ppm0btk,peanut_butter
fd_fhaVRz2N83Js,macaroni
fd_fjGnCpunF85H,cereal
fd_fpt2FMpdHXeD,granola
fd_frvIa0tFOxhn,vanilla_wafer
fd_fuILrmnsCFDK,kale
fd_fuy6e0gd67DQ,egg
fd_fvMWn86ncRvQ,beef
fd_fycPuybFqVcg,butter
fd_fzlBqGmrKcAw,peanut_butter
fd_g0ULKh8chDCf,crab_meat
fd_g3kB6HqqQDWe,salad_dressing
fd_g7PRQWi3djBE,olive
fd_gEikbN4KWaFC,kefir
fd_gF1oRKEzOw1p,peach
fd_gFsURgDaHKes,macaroni
fd_gZxwCEAycVWb,cream_cheese
fd_gbtVB7G9twmc,rice
fd_gc7mM0oBSCPE,egg
fd_gmm0hkJkaqnU,flour
fd_gopnzydYyjCf,swiss_cheese
fd_gqWn1uaSm3OA,pudding
fd_gxsVLYnld7TY,gouda
fd_gxww3EH9u0aJ,flour
fd_h5af6b7zhAoP,bean
fd_h6b3kheDcU2O,pea
fd_h9Qjc4NVeweV,bacon
fd_hDy0CKvEpqPe,sausage
fd_hEZ9j810caQA,chicken_thighs
fd_hFdneQI6W6wE,broth
fd_hFptfOOuFJv5,cracker
fd_hHp3SrSPtf0J,garlic
fd_hKmGGMak2YKm,macaroni
fd_hNSaM3eLoUd6,milk
fd_hVWFdllSI2tJ,pork
fd_hVsKUJZ0nMDn,bean
fd_hYBLV9dp6f3m,chicken_breast
fd_hd6o4iAuMPla,spaghetti_sauce
fd_heznkxTRuOPz,ground_beef
fd_hfGPDEu0Veqw,herring
fd_hfHiSpK56LEo,peanut_butter
fd_hnS5tkWAk0tk,soda_drink
fd_hpIM6K9ozM0S,bread
fd_hqbQqI4oVlgp,broth
fd_hs3EHPvUrm0I,cod
fd_hs47QWwwjOgZ,allspice
fd_i29RdaT8fl9z,parsley
fd_i2iVJ8TQVq0b,onion
fd_i3xE4vGB9XWX,vegetable_oil
fd_i6tlB7VoN1mT,mushroom
fd_iAO5W3w1B9CC,bread
fd_iB0fJCF8RtPn,peanut_butter
fd_iCWyTSiudppn,beef
fd_iHNBPTd7n639,dark_liquor
fd_iKBWuLAlKQFI,olive_oil
fd_iMk5w5KdaJtY,milk
fd_iO5PzGWPCPAq,orange
fd_iPE3p6ZuY0S5,sausage
fd_iSwD0vhmRiOn,honey
fd_iULp6loubW3e,bean
fd_iUp9uoF0qsv9,honey
fd_iaMxTMziYOqY,crab_meat
fd_ibVsREKeP1zr,shrimp
fd_igz9ewCB2b5K,chicken
fd_imMm9pA3RczK,buttermilk
fd_inR80ojqp9qD,beef
fd_irYaQd4eXgHO,noodle
fd_ixAhglYPjkZQ,pie_filling
fd_j1SRAEIWqHCu,noodle
fd_j2Yvxqa91X70,peanut_butter
fd_j98FXtgSp9T4,cod
fd_jMuX0TxBvWCH,pea
fd_jTATkrMc2qqj,cheddar_cheese
fd_jfJ0WUliA4gB,milk
fd_jfs1QrkMZLFd,chicken
fd_jgRdwXBfq41A,onion
fd_jlYl0AdHTMQv,processed_cheese
fd_jm0AQHxVDVnT,flour
fd_jmlp6ahscOuu,canned_milk
fd_jsHgVAtsamHO,cornmeal
fd_jxaTMGrnps66,green_bell_pepper
fd_jyg5FoyfX9yf,chicken_breast
fd_k3pRX4yCOCZk,salad_dressing
fd_k6ZaeTN9vVx7,cracker
fd_kEafYpEXhJqO,ham
fd_kIlUmamyeFDZ,spinach
fd_kKgUndcOW7Uy,bean
fd_kLd1tRruVtnL,tofu
fd_kOh3tVbIEWpi,ham
fd_kRXSjtm9F5y6,millet
fd_kUVfDnUk4f0d,honey
fd_kc2Tb4nPZ06m,cereal
fd_kjAVMskOtcrd,bread
fd_kkfo0MINZYmD,granola
fd_kkzYV71KUkzO,vinegar
fd_klLGWxs45vY1,oregano
fd_knq8esnT3knG,cauliflower
fd_konS5f1by6NM,cream_cheese
fd_kwnfIqYK2b5z,basil
fd_l60EBWQ1GjKI,bread
fd_lHwRR6n3ttq3,cracker
fd_lN5pK32smpAO,cake_mix
fd_lNBb0bjChKTz,extract
fd_lQj5kaByG9jg,quinoa
fd_lRnxsvN9vLtq,bulgur
fd_lRroOYEHR15n,sausage
fd_lVE0CADkj4HJ,couscous
fd_lYvriHBdtVgg,bean
fd_lalqoWXtSFks,thyme
fd_leiBGdt64Ex0,maple_syrup
fd_lg1xsv18DoaJ,mandarin_orange
fd_lgeeD8lTr1UK,celery
fd_llBZxz9G6hd2,cheddar_cheese
fd_lmmq3Ofw5Kny,margarine
fd_lnbfHrHfXzY9,sour_cream
fd_lou6o9RlMvxV,apple
fd_lr0DLF0RLVsF,macaroni
fd_lsJuRhE6tFtk,beef
fd_lu3pu09pi44R,salad_dressing
fd_luZkyYgHKSvQ,onion
fd_lxeYlYvpceQo,cake_mix
fd_m0n6nKOKAXIw,cheddar_cheese
fd_m82NffEwlO78,oat
fd_m8cLH2Glbdsk,beef
fd_m9ZBHVV7vLtU,butter
fd_mC40fhtPTg8x,milk
fd_mDnxZHB4Db2G,salad_dressing
fd_mIYYHfMyMeYl,nuts
fd_mIiGa2r9ygZ7,watermelon
fd_mWlCE0uHGcw9,cider_vinegar
fd_mdiN93fzQLXf,corn_syrup
fd_mhwhEiU9exIc,flour
fd_mqKvxf7MSPJE,kidney_bean
fd_mtKp2dwl7QmY,oat_milk
fd_mvrCexh6wkoJ,milk
fd_mzNsHLM4oMXx,bean
fd_n0mhT7hq0Udn,yeast
fd_n2VIpSR7Scz8,cracker
fd_n4Cnvh4jrnqY,pea
fd_n8PKetEWGmcQ,red_bell_pepper
fd_nA3GKQat3BL0,baking_mix
fd_nDP2urn8AfME,parmesan_cheese
fd_nFCFfpgMDSy4,egg
fd_nFbOArywuVLl,hummus
fd_nJSgLwBEw33N,egg_white
fd_nJvymlONjKFu,red_bell_pepper
fd_nM7RNBVuL67C,pudding
fd_nNmQ9FYseCJB,noodle
fd_nPfcMJ7Pull1,extract
fd_nQqmuFjAzK7X,strawberry
fd_nR2h1W0F6OaE,tortilla_chip
fd_nRcN3uYgER5p,potato
fd_nWzh2AgRDh8B,mandarin_orange
fd_ndIQN9VxMnFK,milk
fd_ndNfOWaFyz9Q,kale
fd_net5u9llyg3t,extract
fd_nkNWtTUxwpoc,mozzarella_cheese
fd_nkrcxEcjuLH9,bean
fd_nq1ls1seUCcn,extract
fd_nv4aIlpRA6rs,beef
fd_nxmwb2hHO43W,olive_oil
fd_nzcbu49SsKF7,coconut_milk
fd_o1H8Zt4oPCDG,macaroni
fd_o1qJnztJMcz8,mayonnaise
fd_o4RfvHmP96wy,tomato_sauce
fd_o678OQU1af6D,rice
fd_o7GuGZfB5UIe,milk
fd_oBYSEHDR08nu,apple
fd_oCS1REvb7PUw,worcestershire_sauce
fd_oCc0mcFt1r0F,pie_filling
fd_oFGhgKUvtIwJ,macaroni
fd_oHfUYXgIaDHS,cocoa_powder
fd_oIoFPxdWPSW9,mushroom
fd_oLAI2gIqy1mi,soy_sauce
fd_oUCzs5iYQT1b,oat
fd_oW8CEXByEHCI,flour
fd_oWoQb7WBoIO3,beef
fd_ocKHdMLrRLaY,cream_cheese
fd_odNWYbnALyF9,plum
fd_odrc4pkAqHvM,olive
fd_oez4zuEFb2FL,canned_soup
fd_oq9AEyoeIaKo,cracker
fd_orbCn8EGPR5s,potato
fd_oyAtNWs8R5on,cracker
fd_oz920XyRzoaB,sausage
fd_ozvQxgXgMI0W,peanut_butter
fd_pHYD3kE6qS9y,chocolate_chip
fd_pPLi2ljJqyPs,orange
fd_pQxQmn4IKhyl,dill_weed
fd_pS9tVsL8GC70,bulgur
fd_pTgBiUt4cTtS,flour
fd_pTwUjFDq3rHx,chicken
fd_pUJd0M8seTZb,noodle
fd_pW25Hv7HX5xE,cabbage
fd_pa1wBrdyj8CE,kidney_bean
fd_pa4Pfd1j0jL8,herring
fd_pah1FS826LfE,cornstarch
fd_pbeQttmg8V2V,flour
fd_pkCy58HFjZiJ,canned_milk
fd_plHWWgtJ1lbw,powdered_sugar
fd_pnNFmNkK1KB9,cake_mix
fd_ptITE1F7HWfp,buttermilk
fd_pu5EGgmHktOq,granola
fd_pwieZCT7OS48,mushroom
fd_pxLMqNnwAzk8,beef
fd_q09voplogUGc,mushroom
fd_q2TFOYKByrfx,egg
fd_q4rtKmquBHOA,cracker
fd_q5dwgzunMY8S,cinnamon
fd_q5sUKYVjjL8e,yeast
fd_qAQ2CjJSLjjG,bean
fd_qJyc2ydtuMES,cereal
fd_qMMk52De6aNE,celery
fd_qTppZgrUbqPJ,cornmeal
fd_qdA8fnxu6g9i,macaroni
fd_qf46xSzlXy52,rice
fd_qhUOmgSJhV32,noodle
fd_qrUAYbwcNBgy,mayonnaise
fd_qv1lo7oXhdqO,sausage
fd_qzCS5TryjLKD,worcestershire_sauce
fd_qzQYtfq3SlsG,lettuce
fd_qzSPCX0b0c8U,canned_milk
fd_r0Zg642RUKsX,potato
fd_r2lUNzRndQGJ,salad_dressing
fd_r36jgO2cTgyW,rice
fd_r3FR60zh9Wz4,quinoa
fd_r5ep57w6POBe,green_bean
fd_r6HajDMwWmip,noodle
fd_r7tsZmKX2cos,spinach
fd_rCQ9m0JOS2HO,vinegar
fd_rHV2EmYjLCgD,swiss_cheese
fd_rJI6pgL0yym6,paprika
fd_rLp9jZv0RSwO,broth
fd_rVGNxMzuFACL,red_onion
fd_rVYiI2SfN8X5,tofu
fd_rXp2CnFOyUG2,cream_cheese
fd_raq1EQZrowu8,lettuce
fd_rdlA6XFWEKGi,canned_soup
fd_reybBicH9szo,date
fd_rhGM682G0JVq,tomato
fd_rkMjWE2gUlmn,shrimp
fd_rsCiB7cJZdem,sausage
fd_sAjjj3tonPwt,cereal
fd_sBWywxGQkwc5,flour
fd_sEMxSof8aqMG,celeriac
fd_sH8bsKIcnjvi,kefir
fd_sHKnUieDmKV4,sweet_potato
fd_sHQ5NNhUEQ5R,salad_dressing
fd_sHeT7bNIkWeD,bean
fd_sImXpLTF5PP5,shrimp
fd_sLjlg3HEZdq6,nuts
fd_sMJ6JtBf3uNl,mayonnaise
fd_sT9KqxOEw4Dy,bread
fd_sU9BIH9HVnRg,cinnamon
fd_sjTVbx601q2A,shrimp
fd_sl4dHXlbbwdt,mayonnaise
fd_snx3tqejTjFe,salsa
fd_st1AkEYTk83m,processed_cheese
fd_sw8iMKVutNgJ,noodle
fd_swuD8qGQYotT,salad_dressing
fd_t0VTWeThtXdA,bacon
fd_t0sBM8BhqEh6,kefir
fd_t2YpCp0fOzlc,swiss_cheese
fd_tC3ZajfrH5vw,milk
fd_tCGUXIgAjk1Z,processed_cheese
fd_tCGZxBfBF35p,vegetable_oil
fd_tH7SrzFSRkVA,beef
fd_tJ22HUwWF6Yq,couscous
fd_tL6ZSvB3aMhV,honey
fd_tMyxnh17Or94,granola
fd_tOTRvVua6LNo,cracker
fd_tS4jYsK5DuHY,bacon
fd_tVaRyvVy9zwL,bean
fd_tVkpV6d2tTN5,macaroni
fd_tYI1PA6lV6rE,chicken
fd_tailIgVVyg22,pea
fd_tfg6dKRn0Y1h,cake_mix
fd_tjotsWUyzP3c,heavy_cream
fd_tkV15ATYw4gs,ground_beef
fd_tlArxxKOZtJZ,rice
fd_toyVXqkgRQJB,redcurrant
fd_twsaNPRgfPyX,bread
fd_u1l06z4603He,green_onion
fd_u3ehsN1SovGQ,cottage_cheese
fd_u4vR0inxm9Cy,peanut_butter
fd_u5DqqgKR6oPa,salad_dressing
fd_u8JeiDnXmSDs,ground_beef
fd_uExKLZO4oda2,bean
fd_uF8mdP0VxWcZ,molass
fd_uLpN6IIyDvlm,pudding
fd_uQRKPYFHA3vY,mushroom
fd_uR3FKKf6p3kO,flour
fd_uUCloVu4GJdx,sausage
fd_uWKE2jvrzFeP,banana
fd_uWWkIIA8mPCQ,milk
fd_uYpyT1Q1vxOf,milk
fd_ub465mXMkgFh,salad_dressing
fd_ubfT3lAzri1o,rice
fd_udCY9mQS5Gjk,flour
fd_uhMGuoSb2jmW,peanut_butter
fd_uk8k7xIC6gmf,ground_beef
fd_ukdahJo3IqD8,dried_herbs
fd_uqXIwyThN6Tg,cracker
fd_ur9zTo3RwnKV,celeriac
fd_utUGZu3Ch33d,flour
fd_uy24n1lZykuN,egg_yolk
fd_v0l0C3hun7Wp,nuts
fd_v0rrfpCPabFw,pumpkin
fd_vEcNVVUYhRDp,milk
fd_vF6O2crYnkFY,corn
fd_vHnBv5CmAWp3,cream_cheese
fd_vIh9Ofhclayl,kidney_bean
fd_vN16nVLPUutx,bean
fd_vON0yZbSva4x,sausage
fd_vQAAJfBglsPG,mascarpone
fd_vRQltwtqGHdl,tomato
fd_vUvkVEj2GC38,mayonnaise
fd_vUxEF72kZM5k,milk
fd_vVFPeuRxGjXb,bean
fd_vZLLwyfrT69a,crab_meat
fd_va46ux4wUkJ2,cake_mix
fd_vaGxxEIFIzqz,herring
fd_vb7sCPyKT136,kohlrabi
fd_vdxDw544pJ61,curry_powder
fd_ve2ZvG4P32Yd,bread
fd_vf1l7YTMeG5H,beef
fd_viNtYMa3wCb3,kiwi
fd_vrv03wGjENSH,buckwheat
fd_vurIsNH5XtWB,cheddar_cheese
fd_vysKZsQlW0mp,chicken_thighs
fd_vyt83A16jyKT,bacon
fd_w2I6dZ4BNwHT,egg
fd_w4HmD3hSNFzv,parmesan_cheese
fd_w5HUPYlSAKlu,parmesan_cheese
fd_w5nMW8kfi7VH,noodle
fd_w6fECU4L4gO7,granola
fd_w9FhQR1sBPUz,bean
fd_wAU9aJY3bgjk,corn
fd_wFwS2aaIhbvk,herring
fd_wQvP7vYdgNrF,oregano
fd_wRlBAXgn8lbY,salad_dressing
fd_wS5XZu6ZCckJ,cracker
fd_wU0fAlCGMd15,canned_milk
fd_wWmm94RV7kFg,granola
fd_wYL82vI0VjNJ,heavy_cream
fd_wYbPnQ1Mzlda,tomato
fd_wZnPe6R5lM2G,cracker
fd_wk0j8ZS0R6t7,oregano
fd_wxefgjMyLU9S,soy_sauce
fd_x1BtnsV7VAC2,apple
fd_x5xQ4XPV2Ufi,cracker
fd_x6pyOE5vzdJa,mushroom
fd_x8ifi9uLFual,butter
fd_x8jf5tR4UZ1R,cod
fd_xA92sxTBc5dP,pudding
fd_xBLky4zje47R,flaxseed
fd_xBbDlPXxrFb7,cracker
fd_xBbq9MndnsEV,bacon
fd_xFbQ7c5RVFi4,corn
fd_xGHz7ezw0MJY,tahini
fd_xH61mhSJiaxn,coconut
fd_xLc2r80HvFyA,pork
fd_xLzfnEFhQgUP,tofu
fd_xQE4G4kDceLF,onion
fd_xQRrfwsDLiLh,nuts
fd_xQngwlr8mztI,carrot
fd_xcHBABHZfzWG,ground_beef
fd_xfnSKSt4jqRS,bread
fd_xjp4xeBkhiGd,oat
fd_xpIyy7lFhxDS,pie_crust
fd_xpbpRqTn74e0,tomato
fd_xprh6WeRS2Um,oat
fd_xusmAwT9mTZE,beef
fd_xvBlfw5ke5q0,cheddar_cheese
fd_y3yecnKIxq4G,thyme
fd_yBYX9H6ctv6v,pork
fd_yGgS2kyqnEtx,chili_powder
fd_yH8f8SBP3y9Z,kidney_bean
fd_yHidrB919zji,mozzarella_cheese
fd_yKMA7KH1q8oe,brown_sugar
fd_yLHK4w1QfQ8g,pudding
fd_yOV7KDkkqiEE,mustard
fd_ySq6IG01Uxki,pea
fd_yWBHH3pvdb4r,herring
fd_yWJAZlnCkldf,flour
fd_ybxJ5PY5SBxm,canned_milk
fd_yeIEf1jkwrcu,crab_meat
fd_ygUR3ZAt37Pe,cabbage
fd_ykrUBN0aKvA0,peach
fd_yoJfDlUsyyYN,chocolate
fd_yoSUT4KL9XXl,cereal
fd_yqy4d43wEVRm,cracker
fd_yytyHpug8JbM,beef
fd_yzZS3DLsLtHG,water
fd_z82xOCz18VUW,granola
fd_zAeltWfeUE8J,shrimp
fd_zGQwW5PmHSwR,sweet_potato
fd_zJ4XDPaAnyIr,tortilla_chip
fd_zMaRG8ptpPwZ,canned_tomatoes
fd_zQhruH8vC6In,sausage
fd_zSLW4naNt8ZU,orange_juice
fd_zTfY7b5UrSmw,oat
fd_zXmqVAwWBjbK,oat_milk
fd_zcpKZIPUZ0rp,cereal
fd_zkscDlk1dkn8,couscous
fd_znaFMxCSPIVS,bacon
fd_zp0xwXOAueFy,rice
fd_zqzqD9r8r8MH,beef
fd_zsToaILZZfWm,flavored_gelatin
fd_zuB8UN7NbpC7,rice
