open_nutrition_id,problem
fd_05CDDmjojwye,impossible_energy_density
fd_0DiXqKIRzAsL,impossible_energy_density
fd_0QLm2JGAWCW1,impossible_energy_density
fd_0vVIZ9bxtxK9,impossible_energy_density
fd_17HVRSJxVSjw,impossible_energy_density
fd_18HQ7KeF2OVQ,impossible_energy_density
fd_1BM70O3mWy4P,impossible_energy_density
fd_1svXPtSkG4yS,impossible_energy_density
fd_1ueYZo3oPlCM,impossible_energy_density
fd_1yazv9qxuNoo,impossible_energy_density
fd_1zUmT0q5eRCc,impossible_energy_density
fd_27W2S3ZUs641,impossible_energy_density
fd_2FnSixrgxZSD,impossible_energy_density
fd_2MYex8VH70Hr,impossible_energy_density
fd_2yjgSVhmbJZp,impossible_energy_density
fd_39zRZdgT2Ht3,impossible_energy_density
fd_3UnApsOEQG38,impossible_energy_density
fd_3hnVCmI1gAqu,impossible_energy_density
fd_3m7J2SUqvGh6,impossible_energy_density
fd_3nCGQ92yTvkH,impossible_energy_density
fd_3vCMkMk9VZSy,junk_named_measure
fd_45yYyxq7TbtM,impossible_energy_density
fd_4Y3rDzV8a8Ns,impossible_energy_density
fd_4oYfMqLFGppv,impossible_energy_density
fd_4vifi5X9AyL8,impossible_energy_density
fd_59Cy61EQyUA0,impossible_energy_density
fd_5RxR0sbonjOx,impossible_energy_density
fd_5tdkixvRwizi,impossible_energy_density
fd_5uaqBeUofdyZ,impossible_energy_density
fd_62oR8ScmmeRW,impossible_energy_density
fd_6EG3tan4OWR4,impossible_energy_density
fd_6EnkRYGJdM9p,impossible_energy_density
fd_6piSbSsKHfkA,impossible_energy_density
fd_6xrd3PEbluOT,impossible_energy_density
fd_6xyeIGHTVrqk,impossible_energy_density
fd_71eR9m9Z1Q3O,impossible_energy_density
fd_7LaaYDmVAOHX,impossible_energy_density
fd_7LpMDDqtH24B,impossible_energy_density
fd_7hZPYunGSzbL,impossible_energy_density
fd_7idL5zjVCXlE,impossible_energy_density
fd_7pTVmJ5HV7gf,impossible_energy_density
fd_89j1YYnVUqua,impossible_energy_density
fd_8RakZJBgFhtk,impossible_energy_density
fd_8vNDsit8mKpr,impossible_energy_density
fd_9LF8mhfivT83,impossible_energy_density
fd_9s72nbYkCN8x,impossible_energy_density
fd_ADmxjAFe36Rz,impossible_energy_density
fd_AQFxVSU2NPGj,impossible_energy_density
fd_ARcJztLtXoVm,impossible_energy_density
fd_ATO87ulaLiaa,impossible_energy_density
fd_AU5uIT6qMtYk,impossible_energy_density
fd_AlMgoC3NTVBG,impossible_energy_density
fd_Ama89AzN78x4,impossible_energy_density
fd_AnyqRSWo8sMe,impossible_energy_density
fd_AuPbmHHTFsxb,impossible_energy_density
fd_BfAVYLv5tgRi,impossible_energy_density
fd_Bh8AJ918VcFF,impossible_energy_density
fd_BrenP7OVkNbT,impossible_energy_density
fd_C34OOIheEeXv,impossible_energy_density
fd_CFn9sEHgDnyf,impossible_energy_density
fd_Cc6lQYjtIZXV,impossible_energy_density
fd_Cda0b2dcDJnE,impossible_energy_density
fd_Cg2mAjnbsuk9,impossible_energy_density
fd_CunqYqBgOUyS,impossible_energy_density
fd_DEIFtGhMabzj,impossible_energy_density
fd_DEjeNk1BO6W3,impossible_energy_density
fd_DGoSw5iEfAyB,impossible_energy_density
fd_DPNW673GeZxU,impossible_energy_density
fd_DeWdYE83CVfX,impossible_energy_density
fd_DiBUzP3P9pNL,impossible_energy_density
fd_DrAzBDYRIiPz,impossible_energy_density
fd_E0d8BoTofWnn,impossible_energy_density
fd_EC8wCNqR6r9f,impossible_energy_density
fd_EW8P3LdGIA1Z,impossible_energy_density
fd_F6kIVUiqwkDt,impossible_energy_density
fd_FaY3CorXhIBh,impossible_energy_density
fd_Faq5eIV5MrMR,impossible_energy_density
fd_FgStMW7czKZW,impossible_energy_density
fd_FjPvYEv27AsH,impossible_energy_density
fd_GLEYtTSCw48u,impossible_energy_density
fd_GMNHizKAaT2k,impossible_energy_density
fd_GhZaG0zIlcUM,impossible_energy_density
fd_GoQMc8UWcMuB,impossible_energy_density
fd_GyigUunWtW4Q,impossible_energy_density
fd_GysDsJOTHeJI,impossible_energy_density
fd_H4hfLAfXuNMw,impossible_energy_density
fd_HSFtx8XzATH9,impossible_energy_density
fd_HTiisP4M2rJy,impossible_energy_density
fd_HW7zCbZkCUda,impossible_energy_density
fd_HWqptNWZ3jB8,impossible_energy_density
fd_HcPZlnjFJ7ko,impossible_energy_density
fd_HwYR0IWcURup,impossible_energy_density
fd_I1hVs23YeqoV,impossible_energy_density
fd_I8V1MdybyZRp,impossible_energy_density
fd_IRbrhlpK9K1F,impossible_energy_density
fd_IVaLG22YtbPT,impossible_energy_density
fd_In7rtBDlHHSc,impossible_energy_density
fd_IorrMR3F9MIm,impossible_energy_density
fd_J1YaSyT0JSRg,impossible_energy_density
fd_J4gNBtSoRA5G,impossible_energy_density
fd_J8SFWU8Pw4hz,impossible_energy_density
fd_JByE9e2tu7cK,impossible_energy_density
fd_JPizFRyGYnWj,impossible_energy_density
fd_JQSpUlb5Ocyc,impossible_energy_density
fd_JRC5VxtM6zVi,impossible_energy_density
fd_JWC6byAU5A41,impossible_energy_density
fd_JaFD050L2mEP,impossible_energy_density
fd_Jcnh79B7YFvW,impossible_energy_density
fd_JuBC6cb5Io5f,impossible_energy_density
fd_JuR4qwSUBbec,impossible_energy_density
fd_K3ZgGgSE1urS,impossible_energy_density
fd_KB8jCmKKILJ0,impossible_energy_density
fd_KBoaaEtH8jdM,impossible_energy_density
fd_KlooyPeOxGXN,impossible_energy_density
fd_Kr2Ohxm3lBPK,impossible_energy_density
fd_KuLD4fJJXPU4,impossible_energy_density
fd_KuXCO6fpUY5u,impossible_energy_density
fd_L2lUwFkP2qoP,impossible_energy_density
fd_LNvwVWXK7WRS,impossible_energy_density
fd_LTEd7vgBLUt6,impossible_energy_density
fd_Lbqb1QcMFRoo,impossible_energy_density
fd_Lkfnj3UX8eHi,impossible_energy_density
fd_LnamjUBieGQO,impossible_energy_density
fd_M7psbU9Qk2J1,impossible_energy_density
fd_M9ZTwMKicIIw,impossible_energy_density
fd_MQnTZBnXmz5Q,impossible_energy_density
fd_MRIhXSjbOBs4,impossible_energy_density
fd_McYMQ2Cb7pfE,impossible_energy_density
fd_NIwKJ0XAt9J9,impossible_energy_density
fd_NJUMLjMIl9v9,impossible_energy_density
fd_NbA6tlhTCShT,impossible_energy_density
fd_Ngxlxpt2fWvs,impossible_energy_density
fd_ODb79pyTZd2V,impossible_energy_density
fd_OFAmr9aWcFn8,impossible_energy_density
fd_OJb3LvMS3cDV,impossible_energy_density
fd_OL6mjnZG6wfh,impossible_energy_density
fd_OM8GaZzHJOlV,impossible_energy_density
fd_ONh6qjFGRO7h,impossible_energy_density
fd_OrqVWDddEd9a,impossible_energy_density
fd_P4nfMSMNgz2T,impossible_energy_density
fd_P9nbSkjwilVs,impossible_energy_density
fd_PLUotmBHjefu,impossible_energy_density
fd_PLiO4vcFCWIg,impossible_energy_density
fd_PNNOSff2WeU8,impossible_energy_density
fd_Pbs5CjWKXL43,impossible_energy_density
fd_Pd0hucVPcw7Y,impossible_energy_density
fd_PfoTQYueThp0,impossible_energy_density
fd_PitwohrpKg8J,impossible_energy_density
fd_PnL7I8tdMZAc,impossible_energy_density
fd_Q7doOq8g8Zlc,impossible_energy_density
fd_Q9ALHPEv3svo,impossible_energy_density
fd_QVKHFCNOV1fM,impossible_energy_density
fd_RT82JvUGxNm2,impossible_energy_density
fd_RZ99BhYt54VE,impossible_energy_density
fd_RkNm9y8AB2cz,impossible_energy_density
fd_S1tLkSelvk4P,impossible_energy_density
fd_SU98ryV3w0ev,impossible_energy_density
fd_SVWxm4zGbMSQ,impossible_energy_density
fd_TENqEhMEM1hk,impossible_energy_density
fd_TfP2OEGkWMZe,impossible_energy_density
fd_Ti7s6MFeJx7m,impossible_energy_density
fd_TrYbef2Dcnvk,impossible_energy_density
fd_TtWRGqmV2qpb,impossible_energy_density
fd_U3aaCKcP7nDr,impossible_energy_density
fd_U9av685TrMXi,impossible_energy_density
fd_URvAkd5X9J9d,impossible_energy_density
fd_UTL7DSlEDsoo,impossible_energy_density
fd_UThFeJltZCvX,impossible_energy_density
fd_UanKSUfKNmSK,impossible_energy_density
fd_Ucckx0QFETsk,impossible_energy_density
fd_UdZlBxRjU8cU,impossible_energy_density
fd_UngZoa7C5cpJ,impossible_energy_density
fd_UtRojDnbHafC,impossible_energy_density
fd_VlglQEntl3Ey,impossible_energy_density
fd_VzNINsYRwm8B,impossible_energy_density
fd_W3ZHTYwhXVMN,impossible_energy_density
fd_W6mxV8KnYZvk,impossible_energy_density
fd_W9tgzVNijD7x,impossible_energy_density
fd_WJgVE6JjlEy3,impossible_energy_density
fd_WWe61wUUWwuK,impossible_energy_density
fd_XOjSX7hWAA4m,impossible_energy_density
fd_XfWqguSry8X6,impossible_energy_density
fd_XvUEZr82fKZb,impossible_energy_density
fd_XyTiHFKXWQQx,impossible_energy_density
fd_Y4ETumMBXIGp,impossible_energy_density
fd_Y4tVQUEC8zOA,impossible_energy_density
fd_YI0ozCuVBFJf,impossible_energy_density
fd_YIfSZEba1dFj,impossible_energy_density
fd_YK8Vu13QjWN9,impossible_energy_density
fd_YKdFnyQh6pqb,impossible_energy_density
fd_YdI1Ad0s1G1l,impossible_energy_density
fd_YmwvtoHfuVjY,impossible_energy_density
fd_YsTgYeyLBZ3a,impossible_energy_density
fd_Z0g57r6HAqU7,impossible_energy_density
fd_Z3HY8pCnNwpR,impossible_energy_density
fd_ZKmZXm9J1THF,impossible_energy_density
fd_ZUl5DWytU6kN,impossible_energy_density
fd_ZYx8MoUE5QDO,impossible_energy_density
fd_ZbFvTi28HhYp,impossible_energy_density
fd_ZejDOLOIEIhO,impossible_energy_density
fd_Zh035sUO8UNj,impossible_energy_density
fd_a3stHlITUq1B,impossible_energy_density
fd_a75Fa2aUgE1T,impossible_energy_density
fd_aCvyI4w24XRB,impossible_energy_density
fd_aGi8zEK3rM1N,impossible_energy_density
fd_aSAZ0GsJmwwv,impossible_energy_density
fd_aTAj4Gcpnpzy,impossible_energy_density
fd_aWZP8LuSzbuK,impossible_energy_density
fd_abTbaLRTGUnL,impossible_energy_density
fd_adYzBmA17ox8,impossible_energy_density
fd_ao54sUyOXeEN,impossible_energy_density
fd_awJfIIa8gzdZ,impossible_energy_density
fd_b5WW1oNetTN9,impossible_energy_density
fd_bBfgNTEvLtes,impossible_energy_density
fd_bNomxhi53YtV,impossible_energy_density
fd_bex3LYe4OW8H,impossible_energy_density
fd_bh42AEW14Z2S,impossible_energy_density
fd_bxMPUcmxtdRD,impossible_energy_density
fd_c1ljoOOd1oUv,impossible_energy_density
fd_c1s78ab3GLjH,impossible_energy_density
fd_cXOlIWEcnAqr,impossible_energy_density
fd_cYvnDyh2yY7M,impossible_energy_density
fd_cdTLieKfeahO,impossible_energy_density
fd_ceyFTKE4jXjY,impossible_energy_density
fd_cf5d27qcFKSu,impossible_energy_density
fd_cnJBQ6NxvKA2,impossible_energy_density
fd_d8XTMJmdHfEc,impossible_energy_density
fd_dKej5zsabe7F,impossible_energy_density
fd_dMkIhswvkGLS,impossible_energy_density
fd_dabWcRLH8Lb1,impossible_energy_density
fd_djgpj3LJEcWq,impossible_energy_density
fd_dniwPasU4ill,impossible_energy_density
fd_eImyYviXGRqj,impossible_energy_density
fd_eMPneqiVx8pv,impossible_energy_density
fd_etfP4vtO7x1O,impossible_energy_density
fd_evHyorUJOrHh,impossible_energy_density
fd_f04RSWimWWWJ,impossible_energy_density
fd_f08WDtYXskRT,impossible_energy_density
fd_f7Ade8RYOeAB,impossible_energy_density
fd_fFGkdAqNwEJ7,impossible_energy_density
fd_ffZkpNJYi61o,impossible_energy_density
fd_g1XuiDhqmbrY,impossible_energy_density
fd_gIFmu0giT2cE,impossible_energy_density
fd_gIYqeHLsPk28,impossible_energy_density
fd_gRMyUf1MdZxy,impossible_energy_density
fd_gY8GwAwPjUcm,impossible_energy_density
fd_gZjzslFAUbVD,impossible_energy_density
fd_glCbZpSIheXZ,impossible_energy_density
fd_gyZlkeLc5vNO,impossible_energy_density
fd_hC2lDK4rouE4,impossible_energy_density
fd_hLNixzW4PrVA,impossible_energy_density
fd_hbP6dqyGpJvy,impossible_energy_density
fd_hyXHJ7Oq9YCR,impossible_energy_density
fd_iFWIIijNvaUo,impossible_energy_density
fd_ibSZdYmiBWxL,impossible_energy_density
fd_imK80gqNwD39,impossible_energy_density
fd_izl3xq8SI6ot,impossible_energy_density
fd_j59Xt9Tgc2wZ,impossible_energy_density
fd_j9I3vDfyA8WV,impossible_energy_density
fd_jkZrMWa1pBh0,impossible_energy_density
fd_kL2MUIpzY3kb,impossible_energy_density
fd_knndXmxXnRXU,impossible_energy_density
fd_l36G3Eh6wUl7,impossible_energy_density
fd_lI2TPcjO2rVt,impossible_energy_density
fd_lJ1eO9Kf6HSp,impossible_energy_density
fd_lQ3z9yaNfX4m,impossible_energy_density
fd_lZDbiBPYqOEq,impossible_energy_density
fd_ll66Ag2zqyNZ,impossible_energy_density
fd_lmQ4lPIhEvnM,impossible_energy_density
fd_lql5gQSKdxLp,impossible_energy_density
fd_m5CigOVZTf2w,impossible_energy_density
fd_m5mc8beACmC9,impossible_energy_density
fd_m61qLcc8opSj,impossible_energy_density
fd_mK8qQyTLvN7u,impossible_energy_density
fd_mL6zIKAeznaB,impossible_energy_density
fd_mWLf6sE9vRyC,impossible_energy_density
fd_mauMkyGQ36VS,impossible_energy_density
fd_mjpFCHsgyTb8,impossible_energy_density
fd_myVWhTXxRH6U,impossible_energy_density
fd_n2RsZrAmUKzm,impossible_energy_density
fd_n3CkzCfjdFr2,impossible_energy_density
fd_nDFiuUkaYLhS,impossible_energy_density
fd_nYCTBvSnfW3q,impossible_energy_density
fd_ndOoAIR2VOMS,impossible_energy_density
fd_ndYjyxxCbfbe,impossible_energy_density
fd_nuxJFApbsKll,impossible_energy_density
fd_nvUYCzetvLPk,impossible_energy_density
fd_nvcalwoXIOoo,impossible_energy_density
fd_oP4Bb2fFDw0Y,impossible_energy_density
fd_oWqjea3iIMgY,impossible_energy_density
fd_pLWNHGQfGe7c,impossible_energy_density
fd_pVWN5icYXPCj,impossible_energy_density
fd_pgq2C9wIUdBx,impossible_energy_density
fd_pjFIjkI2H3zl,impossible_energy_density
fd_ptMbAzx6RaLM,impossible_energy_density
fd_qS06Tyj8392h,impossible_energy_density
fd_qewbXmt6QXXB,impossible_energy_density
fd_r528iSV6HMfr,impossible_energy_density
fd_r9shNLN2Z7xC,impossible_energy_density
fd_rgWSoGyEzr6w,impossible_energy_density
fd_rkJUNbEBxF62,impossible_energy_density
fd_s51fdnu8xHcv,impossible_energy_density
fd_sa6q8mS351ww,impossible_energy_density
fd_t8gpe3uu54nV,impossible_energy_density
fd_tCcKHg3DTmzD,impossible_energy_density
fd_tLo88WAhJ8lP,impossible_energy_density
fd_tOL9fbJ5F0oQ,impossible_energy_density
fd_tY73b5TohCwt,impossible_energy_density
fd_tZey3FOKn7av,impossible_energy_density
fd_tfLdP11VH0kZ,impossible_energy_density
fd_tjpKo4HWtubV,impossible_energy_density
fd_tnCkxKHzp4gW,impossible_energy_density
fd_tukneMPkn7SU,impossible_energy_density
fd_tveCmkit1tXQ,impossible_energy_density
fd_tveLi8ptqnsD,impossible_energy_density
fd_uADn3N3oETD8,impossible_energy_density
fd_uAaFo1PFliwB,impossible_energy_density
fd_uGbW7zh4stAy,impossible_energy_density
fd_uWwrnoCVcOyb,impossible_energy_density
fd_ufgwV7pDUHE3,impossible_energy_density
fd_usSNK4nAjeo7,impossible_energy_density
fd_v9KHQYQMq2jc,impossible_energy_density
fd_vGuBpA7X8QAo,impossible_energy_density
fd_w93ponIglEev,impossible_energy_density
fd_wKHSFWULXufB,impossible_energy_density
fd_wOg7e3Pmj8aR,impossible_energy_density
fd_wTl1ogPMSvdf,impossible_energy_density
fd_wYl12BOxeioJ,impossible_energy_density
fd_wfjo95DSmkLd,impossible_energy_density
fd_wgAcMg9osdR5,impossible_energy_density
fd_wrKrFtVpOZrP,impossible_energy_density
fd_wynerr6I6SDI,impossible_energy_density
fd_x6zSpA7Mb5no,impossible_energy_density
fd_xOY4GXo7BnHQ,impossible_energy_density
fd_xRYaYJKnSIxw,impossible_energy_density
fd_xVoA1pd8BCob,impossible_energy_density
fd_xdENEuzXjacB,impossible_energy_density
fd_yLCNlHhWsaAN,impossible_energy_density
fd_yYZMd8yceyLq,impossible_energy_density
fd_z8GHASd9m0pe,impossible_energy_density
fd_zOPFHXTikHhf,impossible_energy_density
fd_zYMMFTaYWdad,impossible_energy_density
fd_zZQoME16CjaA,impossible_energy_density
fd_zqMqT4xbtEds,impossible_energy_density
fd_zukUY5lQGo1S,impossible_energy_density
fd_zvYRnUjkuuNv,impossible_energy_density
